_id,temperature,conductivity,pressure,oxygen,par,turbidity,salinity,instrument,depth1,lat,lon,date
a3a8541e-5d0b-463c-ac57-665bd9932c27,21.9704,0.01099,5.838,1.2173,1.8544,1.7012,0.0587,SBE16Plus_50195,5.5,47.64935,-122.3127,2024-08-21 00:22:02+00:00
7134a548-3b8b-4d06-8d7a-b7aca2240243,21.8766,0.01096,5.827,1.2253,1.6811,1.7167,0.0587,SBE16Plus_50195,5.5,47.64935,-122.3127,2024-08-21 00:52:02+00:00
2fd25929-0567-4430-a6b3-129a08afa817,22.0027,0.01106,5.838,1.1688,1.4251,1.7256,0.059,SBE16Plus_50195,5.5,47.64935,-122.3127,2024-08-21 01:22:02+00:00
01db44f5-9bb8-4cc2-adb7-fe59a1f112ee,,,,,,,,,,,,2024-08-21 01:52:02+00:00
98034e28-4278-4620-966c-2beb2a04312e,21.9651,0.01101,5.8,1.1964,0.8382,1.7222,0.0588,SBE16Plus_50195,5.5,47.64935,-122.3127,2024-08-21 02:22:02+00:00
1877ed76-05f0-487b-ad30-ada1b51213a5,21.9732,0.01099,5.8,1.1863,0.3985,1.7293,0.0587,SBE16Plus_50195,5.5,47.64935,-122.3127,2024-08-21 02:52:02+00:00
27c14383-4e4e-4861-8739-41d0489d4421,21.9343,0.01101,5.785,1.2109,0.0165,1.7314,0.0588,SBE16Plus_50195,5.5,47.64935,-122.3127,2024-08-21 03:22:02+00:00
24d4c888-1647-4367-a4ce-de8805666a75,21.9702,0.01104,5.805,1.1891,0.0165,1.7511,0.059,SBE16Plus_50195,5.5,47.64935,-122.3127,2024-08-21 03:52:02+00:00
b33e9f7a-d19b-4db4-9528-8d827316354b,22.0254,0.01114,5.817,1.1705,0.0164,1.7433,0.0594,SBE16Plus_50195,5.5,47.64935,-122.3127,2024-08-21 04:22:02+00:00
51083262-a19f-407e-886c-d9c41383d1f4,21.9864,0.01102,5.829,1.1896,0.0165,1.7386,0.0589,SBE16Plus_50195,5.5,47.64935,-122.3127,2024-08-21 04:52:02+00:00
fd1ac6aa-0d95-4bbc-9d6f-9b5abe3146fb,22.1205,0.01106,5.844,1.1196,0.0164,1.7417,0.0589,SBE16Plus_50195,5.5,47.64935,-122.3127,2024-08-21 05:22:02+00:00
582e856e-cd66-4f66-aae8-9fcb82b881a5,22.0046,0.01106,5.81,1.124,0.0165,1.732,0.059,SBE16Plus_50195,5.5,47.64935,-122.3127,2024-08-21 05:52:02+00:00
b00b70d3-1484-4551-8f91-1534c6310487,21.9575,0.01103,5.793,1.0945,0.0165,1.7475,0.0589,SBE16Plus_50195,5.5,47.64935,-122.3127,2024-08-21 06:22:02+00:00
b7068d81-f588-4f86-a478-6fc3cd3df106,22.015,0.01103,5.802,1.1163,0.0164,1.7573,0.0589,SBE16Plus_50195,5.5,47.64935,-122.3127,2024-08-21 06:52:02+00:00
8611752b-7093-4c40-9656-694b02555397,21.9778,0.01102,5.807,1.1334,0.0164,1.7487,0.0589,SBE16Plus_50195,5.5,47.64935,-122.3127,2024-08-21 07:22:02+00:00
7f5e8181-7bf5-49a3-816c-06c493bad349,,,,,,,,,,,,2024-08-21 07:52:02+00:00
bd2ab848-55df-4b9b-bce8-9d7c4f75ebc2,,,,,,,,,,,,2024-08-21 08:22:02+00:00
853378d7-de3a-45c7-96a0-54a486dd5d0c,22.0224,0.01102,5.821,1.1467,0.0163,1.7369,0.0588,SBE16Plus_50195,5.5,47.64935,-122.3127,2024-08-21 08:52:02+00:00
e6b2517c-7508-4455-a977-7fe2433021ea,21.9974,0.01103,5.837,1.157,0.0165,1.7589,0.0589,SBE16Plus_50195,5.5,47.64935,-122.3127,2024-08-21 09:22:02+00:00
2a58d31a-640f-474f-a27d-e70fa3bbc541,,,,,,,,,,,,2024-08-21 09:52:02+00:00
f3f54b54-1c77-46f3-a767-7c7dea539b5e,22.0554,0.01111,5.823,1.1575,0.0164,1.7487,0.0592,SBE16Plus_50195,5.5,47.64935,-122.3127,2024-08-21 10:22:02+00:00
724ef873-98aa-4df6-9c55-f8bac53679cf,21.9268,0.01099,5.811,1.2018,0.0165,1.7388,0.0588,SBE16Plus_50195,5.5,47.64935,-122.3127,2024-08-21 10:52:02+00:00
376956a8-2dc6-472c-9ce7-5fab2bbb10d5,21.9537,0.01101,5.784,1.2455,0.0163,1.7496,0.0588,SBE16Plus_50195,5.5,47.64935,-122.3127,2024-08-21 11:22:02+00:00
6b0f333c-fd55-4de1-a506-0812217c642e,21.9343,0.01094,5.797,1.2192,0.0164,1.7097,0.0585,SBE16Plus_50195,5.5,47.64935,-122.3127,2024-08-21 11:52:02+00:00
26ba3542-9862-4683-b397-3c38093b92c0,21.9759,0.01117,5.794,1.2533,0.0165,1.7006,0.0596,SBE16Plus_50195,5.5,47.64935,-122.3127,2024-08-21 12:22:02+00:00
54bec831-083e-48ef-8eac-476cada35ad7,21.9522,0.01119,5.785,1.2615,0.0164,1.7102,0.0597,SBE16Plus_50195,5.5,47.64935,-122.3127,2024-08-21 12:52:02+00:00
6b481f6e-11ca-49e0-9dce-732658f682b2,21.9344,0.0112,5.78,1.2698,0.1804,1.7385,0.0598,SBE16Plus_50195,5.5,47.64935,-122.3127,2024-08-21 13:22:02+00:00
ad5b1424-705e-4d3e-ac8e-f052965594ca,21.9088,0.01113,5.783,1.2616,0.7684,1.7437,0.0595,SBE16Plus_50195,5.5,47.64935,-122.3127,2024-08-21 13:52:02+00:00
eb10f691-0d40-4c51-a509-0037429432c6,,,,,,,,,,,,2024-08-21 14:22:02+00:00
49e0b553-15c3-4fc6-8a97-b7448d094b2d,21.845,0.01119,5.786,1.196,1.2895,1.7277,0.0598,SBE16Plus_50195,5.5,47.64935,-122.3127,2024-08-21 14:52:02+00:00
6ce2f2a8-dbe6-4910-b850-433ecc631f66,21.7988,0.01114,5.783,1.1503,1.4127,1.7362,0.0596,SBE16Plus_50195,5.5,47.64935,-122.3127,2024-08-21 15:22:02+00:00
23deb4f0-c572-4eb7-8bc1-9f2a3d8122a8,21.7692,0.01117,5.784,1.1623,1.78,1.7379,0.0598,SBE16Plus_50195,5.5,47.64935,-122.3127,2024-08-21 15:52:02+00:00
a67e2bb5-2eb8-4b60-b243-445499a333d1,21.7757,0.0111,5.786,1.1232,1.3794,1.7251,0.0594,SBE16Plus_50195,5.5,47.64935,-122.3127,2024-08-21 16:22:02+00:00
64404f19-a239-4efb-b176-c20dd18975ce,21.8019,0.01112,5.794,1.1297,1.6673,1.7282,0.0595,SBE16Plus_50195,5.5,47.64935,-122.3127,2024-08-21 16:52:02+00:00
355e18cf-d808-4930-a216-c5a3f99f6b66,21.8182,0.01116,5.801,1.1319,1.6964,1.7425,0.0597,SBE16Plus_50195,5.5,47.64935,-122.3127,2024-08-21 17:22:02+00:00
fb926206-a5a1-45a9-9fe8-ca867db27206,21.8898,0.01111,5.832,1.161,1.6884,1.7466,0.0594,SBE16Plus_50195,5.5,47.64935,-122.3127,2024-08-21 17:52:02+00:00
c38f621e-252a-4dc2-be40-5c852d225554,21.8881,0.01108,5.836,1.1891,1.6353,1.7394,0.0592,SBE16Plus_50195,5.5,47.64935,-122.3127,2024-08-21 18:22:02+00:00
51c8b529-fd4b-4449-8a6b-36dbb9d3f954,21.9074,0.01112,5.824,1.2332,1.7099,1.7426,0.0594,SBE16Plus_50195,5.5,47.64935,-122.3127,2024-08-21 18:52:02+00:00
80a6fe39-bd5a-4c97-ad13-e2294154085c,21.9267,0.0111,5.819,1.2216,1.7082,1.7289,0.0593,SBE16Plus_50195,5.5,47.64935,-122.3127,2024-08-21 19:22:02+00:00
d20e8737-5a95-4572-97b6-05ceb13d30cc,21.9306,0.01115,5.827,1.2704,1.5514,1.7506,0.0595,SBE16Plus_50195,5.5,47.64935,-122.3127,2024-08-21 19:52:02+00:00
527b8217-130a-4fd8-8da4-6f0738cafba1,21.7576,0.01095,5.768,1.3387,1.7401,1.7237,0.0587,SBE16Plus_50195,5.5,47.64935,-122.3127,2024-08-21 20:22:02+00:00
d651c79b-6f8b-474e-b0e1-b5663670f028,21.8809,0.01107,5.794,1.2995,1.7987,1.7543,0.0592,SBE16Plus_50195,5.5,47.64935,-122.3127,2024-08-21 20:52:02+00:00
d9f4f817-e487-4440-8b35-f8c1dcf47262,21.7425,0.01091,5.766,1.3884,1.6462,1.7467,0.0586,SBE16Plus_50195,5.5,47.64935,-122.3127,2024-08-21 21:22:02+00:00
4d6c3bf3-523d-4df3-a2c3-aee7a58494c8,,,,,,,,,,,,2024-08-21 21:52:02+00:00
6e7cf1c2-8e00-40bd-921c-739e1c807999,21.8037,0.01096,5.777,1.3645,1.4254,1.7107,0.0587,SBE16Plus_50195,5.5,47.64935,-122.3127,2024-08-21 22:22:02+00:00
a739c6d1-96ad-42e2-bd4a-3afb350f5bf4,21.8823,0.01099,5.776,1.3724,1.4853,1.7277,0.0588,SBE16Plus_50195,5.5,47.64935,-122.3127,2024-08-21 22:52:02+00:00
817fa93e-cbe2-437f-960a-b68fb0636d38,21.725,0.01093,5.77,1.4513,1.6038,1.7253,0.0587,SBE16Plus_50195,5.5,47.64935,-122.3127,2024-08-21 23:22:02+00:00
4c5fe989-186f-4081-8ad6-4537044e3c9e,21.7855,0.01095,5.772,1.4162,1.3496,1.711,0.0587,SBE16Plus_50195,5.5,47.64935,-122.3127,2024-08-21 23:52:02+00:00
be159da6-b33a-412f-baba-8622c744e677,21.8267,0.01096,5.793,1.427,1.2427,1.7013,0.0587,SBE16Plus_50195,5.5,47.64935,-122.3127,2024-08-22 00:22:02+00:00
46cbdecd-7180-4dac-b764-26abae601cd5,,,,,,,,,,,,2024-08-22 00:52:02+00:00
826301f1-d11f-4804-b4e3-3925ccdf144f,21.8315,0.01105,5.759,1.366,1.0664,1.7098,0.0592,SBE16Plus_50195,5.5,47.64935,-122.3127,2024-08-22 01:22:02+00:00
8b45fd83-5b24-4f97-90f7-b86fc942ee13,,,,,,,,,,,,2024-08-22 01:52:02+00:00
c33418f2-6498-463a-95b3-acc0fbd1c206,21.7462,0.01093,5.759,1.3665,0.9758,1.7118,0.0587,SBE16Plus_50195,5.5,47.64935,-122.3127,2024-08-22 02:22:02+00:00
41782408-b53d-4482-b577-fd61a535c4da,21.8306,0.01097,5.781,1.4133,0.1903,1.7168,0.0588,SBE16Plus_50195,5.5,47.64935,-122.3127,2024-08-22 02:52:02+00:00
334065b8-d0d4-44d6-860d-f64a5f214424,21.7585,0.01094,5.757,1.3723,0.0162,1.7351,0.0587,SBE16Plus_50195,5.5,47.64935,-122.3127,2024-08-22 03:22:02+00:00
594b7caf-10a6-4ce2-9cce-a71f67ef7721,,,,,,,,,,,,2024-08-22 03:52:02+00:00
1803a833-ae6e-4e60-a4a9-f531f37f0959,21.731,0.01097,5.74,1.3697,0.0164,1.7443,0.0588,SBE16Plus_50195,5.5,47.64935,-122.3127,2024-08-22 04:22:02+00:00
fcd88c04-e346-48d7-9ca4-d61d52266ccd,,,,,,,,,,,,2024-08-22 04:52:02+00:00
bb56cc5b-dc09-4b16-b74f-18d6e07d5829,21.772,0.01095,5.761,1.374,0.0165,1.7322,0.0587,SBE16Plus_50195,5.5,47.64935,-122.3127,2024-08-22 05:22:02+00:00
38a111a6-9b3d-4499-adf2-6b2e9577f41d,,,,,,,,,,,,2024-08-22 05:52:02+00:00
0fe7f9b1-69d3-4f18-b6d2-64ee763c8d8f,21.7419,0.01097,5.752,1.319,0.0162,1.7441,0.0589,SBE16Plus_50195,5.5,47.64935,-122.3127,2024-08-22 06:22:02+00:00
88519ced-a7ed-483d-ac5c-0b6c6288be02,21.7599,0.01105,5.749,1.2982,0.0165,1.7303,0.0592,SBE16Plus_50195,5.5,47.64935,-122.3127,2024-08-22 06:52:02+00:00
da1d4e3c-11b3-4517-ab49-124708463a54,21.7693,0.01109,5.757,1.3325,0.0165,1.7457,0.0594,SBE16Plus_50195,5.5,47.64935,-122.3127,2024-08-22 07:22:02+00:00
1a6be7c1-dbb6-4342-ba62-a5feaa4da54a,21.7661,0.011,5.757,1.3125,0.0163,1.7432,0.0589,SBE16Plus_50195,5.5,47.64935,-122.3127,2024-08-22 07:52:02+00:00
1e7328b5-831c-4d52-8acd-0ba62069e589,21.7395,0.01103,5.745,1.3116,0.0165,1.7292,0.0591,SBE16Plus_50195,5.5,47.64935,-122.3127,2024-08-22 08:22:02+00:00
431458f7-08f6-47dc-9628-458691241056,,,,,,,,,,,,2024-08-22 08:52:02+00:00
95b4ac99-2158-4832-b158-d81c3d58a810,21.6852,0.01109,5.733,1.3144,0.0162,1.7132,0.0595,SBE16Plus_50195,5.5,47.64935,-122.3127,2024-08-22 09:22:02+00:00
707a8642-a41d-4587-a61b-0c9337e3a766,,,,,,,,,,,,2024-08-22 09:52:02+00:00
bef4c84c-d149-468f-a304-89a5c5c0eb13,21.6918,0.011,5.737,1.3126,0.0163,1.7257,0.059,SBE16Plus_50195,5.5,47.64935,-122.3127,2024-08-22 10:22:02+00:00
c7fc8f55-0531-476a-b7e9-a8ea65ddc6bb,21.662,0.01105,5.732,1.2953,0.0164,1.727,0.0593,SBE16Plus_50195,5.5,47.64935,-122.3127,2024-08-22 10:52:02+00:00
5409ac92-8127-4317-97d6-c1944e09192e,21.6466,0.01108,5.729,1.3133,0.0164,1.7161,0.0595,SBE16Plus_50195,5.5,47.64935,-122.3127,2024-08-22 11:22:02+00:00
04bd666f-8bae-426d-a52c-7f335258d0ac,21.6218,0.01103,5.725,1.3044,0.0166,1.718,0.0592,SBE16Plus_50195,5.5,47.64935,-122.3127,2024-08-22 11:52:02+00:00
2b569266-01ae-4e13-8084-f8052786b7fa,21.6215,0.01104,5.729,1.2835,0.0164,1.7277,0.0593,SBE16Plus_50195,5.5,47.64935,-122.3127,2024-08-22 12:22:02+00:00
689ad9e5-cb96-489d-a9d8-32ab9188f494,21.6008,0.01105,5.729,1.2539,0.0166,1.7265,0.0594,SBE16Plus_50195,5.5,47.64935,-122.3127,2024-08-22 12:52:02+00:00
8ba419d2-c375-4834-8b21-ea9b0a986206,21.5793,0.01103,5.728,1.2089,0.0165,1.7225,0.0593,SBE16Plus_50195,5.5,47.64935,-122.3127,2024-08-22 13:22:02+00:00
009dbfc3-6b07-4fff-b94d-ca30308c58fd,,,,,,,,,,,,2024-08-22 13:52:02+00:00
7f8f109d-bdbd-4fdd-8bcb-60c918f9ca17,21.5597,0.01108,5.732,1.2209,0.6266,1.717,0.0595,SBE16Plus_50195,5.5,47.64935,-122.3127,2024-08-22 14:22:02+00:00
cdf6ee9a-b0a7-4fab-84a0-7de85a16e389,21.5599,0.01109,5.735,1.2487,0.8936,1.7177,0.0596,SBE16Plus_50195,5.5,47.64935,-122.3127,2024-08-22 14:52:02+00:00
9d85fa1e-9d83-4a8b-b065-1cddb5f37ab5,21.5573,0.01104,5.735,1.2047,1.1273,1.7176,0.0593,SBE16Plus_50195,5.5,47.64935,-122.3127,2024-08-22 15:22:02+00:00
71f37c3d-00a6-4fe3-8e17-943d58cd2285,21.5532,0.01108,5.727,1.2153,1.2048,1.7098,0.0596,SBE16Plus_50195,5.5,47.64935,-122.3127,2024-08-22 15:52:02+00:00
576e2d09-4a36-4240-a68e-4935b46ac6c5,,,,,,,,,,,,2024-08-22 16:22:02+00:00
1b26bcad-c13d-4956-9508-e860f1d50dcc,,,,,,,,,,,,2024-08-22 16:52:02+00:00
7494a471-00b1-4657-b763-d9a56bf6bbf7,,,,,,,,,,,,2024-08-22 17:22:02+00:00
3a305f10-d675-4feb-a74a-a3c8382a4660,21.5898,0.01106,5.748,1.2046,1.9728,1.7525,0.0594,SBE16Plus_50195,5.5,47.64935,-122.3127,2024-08-22 17:52:02+00:00
2878eb38-2b78-44ff-80a8-98c9e712f560,21.5966,0.01113,5.755,1.1952,1.7226,1.7375,0.0598,SBE16Plus_50195,5.5,47.64935,-122.3127,2024-08-22 18:22:02+00:00
0e03d356-333d-433c-991d-7093110db277,,,,,,,,,,,,2024-08-22 18:52:02+00:00
479c9370-9b71-49cb-b58e-e6717ca7a5cd,21.6072,0.01103,5.77,1.2059,1.359,1.747,0.0593,SBE16Plus_50195,5.5,47.64935,-122.3127,2024-08-22 19:22:02+00:00
7cbbdae0-3720-4b45-a5f5-650ecc0feb42,21.5776,0.01096,5.74,1.2883,1.5496,1.7266,0.0589,SBE16Plus_50195,5.5,47.64935,-122.3127,2024-08-22 19:52:02+00:00
c8a36618-4a15-47da-ad28-00740311fd0f,21.5502,0.01091,5.709,1.392,1.8658,1.7133,0.0587,SBE16Plus_50195,5.5,47.64935,-122.3127,2024-08-22 20:22:02+00:00
7bf56544-684a-4605-bd8a-2f319cdab9f2,,,,,,,,,,,,2024-08-22 20:52:02+00:00
7eb5d9ff-58d6-46f0-896b-30448192b45a,21.5846,0.01093,5.733,1.3282,1.895,1.7141,0.0588,SBE16Plus_50195,5.5,47.64935,-122.3127,2024-08-22 21:22:02+00:00
d8641fea-1b9a-443d-9c65-e162ea170374,21.5624,0.01097,5.732,1.3045,1.8814,1.7309,0.059,SBE16Plus_50195,5.5,47.64935,-122.3127,2024-08-22 21:52:02+00:00
19ac2001-67d4-4211-b081-3f22aeac593f,,,,,,,,,,,,2024-08-22 22:22:02+00:00
1215e58e-0ed2-439b-bcfe-59822b2b0e10,21.666,0.01098,5.768,1.2379,1.9171,1.705,0.059,SBE16Plus_50195,5.5,47.64935,-122.3127,2024-08-22 22:52:02+00:00
fae5661c-8099-448a-b428-09377c530028,21.6133,0.01095,5.738,1.2783,1.8675,1.7176,0.0588,SBE16Plus_50195,5.5,47.64935,-122.3127,2024-08-22 23:22:02+00:00
82d180bb-a183-4f5b-a66c-d77a7b0a130e,21.6509,0.01099,5.75,1.2587,1.5879,1.7296,0.059,SBE16Plus_50195,5.5,47.64935,-122.3127,2024-08-22 23:52:02+00:00
82eab08f-ae6c-4989-b26a-c7b9209e179f,21.6993,0.01103,5.767,1.2856,1.5627,1.7426,0.0592,SBE16Plus_50195,5.5,47.64935,-122.3127,2024-08-23 00:22:02+00:00
0d343759-e2a5-486b-ad4a-02afd1bb5afd,21.6715,0.01096,5.741,1.3007,1.4857,1.7397,0.0589,SBE16Plus_50195,5.5,47.64935,-122.3127,2024-08-23 00:52:02+00:00
91824683-3287-467b-99af-cd2e722ec06d,21.7003,0.01103,5.753,1.338,1.489,1.7363,0.0592,SBE16Plus_50195,5.5,47.64935,-122.3127,2024-08-23 01:22:02+00:00
fdff801c-7150-4466-aa9b-70e87fbf4610,21.6504,0.01098,5.729,1.3063,1.1284,1.7519,0.059,SBE16Plus_50195,5.5,47.64935,-122.3127,2024-08-23 01:52:02+00:00
214d2dcc-db85-424f-bcac-642066d850c8,21.6269,0.01089,5.72,1.3041,0.5398,1.7438,0.0586,SBE16Plus_50195,5.5,47.64935,-122.3127,2024-08-23 02:22:02+00:00
86f79d6d-9566-4964-a7f3-c5af18f11cd5,21.6329,0.01091,5.713,1.2902,0.0162,1.7302,0.0586,SBE16Plus_50195,5.5,47.64935,-122.3127,2024-08-23 02:52:02+00:00
a7d2e5a0-9bcb-479c-81cc-7cadc71f1aff,21.6506,0.01097,5.717,1.2743,0.0152,1.7409,0.0589,SBE16Plus_50195,5.5,47.64935,-122.3127,2024-08-23 03:22:02+00:00
75d69246-6fb0-4bf1-b862-6003aee75d15,21.6965,0.011,5.743,1.2524,0.0165,1.737,0.059,SBE16Plus_50195,5.5,47.64935,-122.3127,2024-08-23 03:52:02+00:00
e1daffe0-82cc-4f7c-8c28-ea18566f423d,21.6919,0.01101,5.744,1.2846,0.0165,1.7312,0.0591,SBE16Plus_50195,5.5,47.64935,-122.3127,2024-08-23 04:22:02+00:00
4e6dbe6a-d5ea-4277-a200-abc1b2cff297,21.6899,0.01103,5.75,1.3587,0.0164,1.7294,0.0592,SBE16Plus_50195,5.5,47.64935,-122.3127,2024-08-23 04:52:02+00:00
e62e5dc2-e1a4-402b-a9fa-20e3b4cc3121,21.6853,0.01098,5.729,1.3346,0.0163,1.7152,0.0589,SBE16Plus_50195,5.5,47.64935,-122.3127,2024-08-23 05:22:02+00:00
5b034ac9-17e5-4d48-990a-db6fb5da362b,,,,,,,,,,,,2024-08-23 05:52:02+00:00
ce4e6f2b-27f7-40ed-af8b-929ee4b235f0,21.6298,0.01092,5.689,1.3547,0.0164,1.7131,0.0587,SBE16Plus_50195,5.5,47.64935,-122.3127,2024-08-23 06:22:02+00:00
5d1d803f-f0ab-4a00-aaaf-0e34b9a04f52,21.6679,0.01109,5.731,1.3617,0.0163,1.707,0.0595,SBE16Plus_50195,5.5,47.64935,-122.3127,2024-08-23 06:52:02+00:00
5509208e-c728-4341-86a8-2be190d32b1e,21.6179,0.01088,5.708,1.3801,0.0162,1.7128,0.0585,SBE16Plus_50195,5.5,47.64935,-122.3127,2024-08-23 07:22:02+00:00
ba5906ca-7709-49f1-85f4-3c2b44db39d7,21.6295,0.01107,5.71,1.3714,0.0164,1.7224,0.0594,SBE16Plus_50195,5.5,47.64935,-122.3127,2024-08-23 07:52:02+00:00
33564d3c-f77b-4e96-b00d-04387c9ab4a7,21.6083,0.01093,5.694,1.373,0.0164,1.7013,0.0588,SBE16Plus_50195,5.5,47.64935,-122.3127,2024-08-23 08:22:02+00:00
0b53d1f6-2738-46f3-ae61-aaf147157d61,21.5542,0.01125,5.711,1.4167,0.0161,1.7052,0.0604,SBE16Plus_50195,5.5,47.64935,-122.3127,2024-08-23 08:52:02+00:00
927fbffc-2e44-48c4-9193-1baa29aad727,21.3572,0.01175,5.715,1.4038,0.0164,1.6897,0.063,SBE16Plus_50195,5.5,47.64935,-122.3127,2024-08-23 09:22:02+00:00
4e2437f7-2611-4655-ad02-d492d70d1243,21.4181,0.01121,5.751,1.4249,0.0164,1.6557,0.0603,SBE16Plus_50195,5.5,47.64935,-122.3127,2024-08-23 09:52:02+00:00
152823d1-36b5-4b96-852d-bc9c77da4fc3,21.3622,0.0111,5.71,1.3814,0.0164,1.6338,0.0599,SBE16Plus_50195,5.5,47.64935,-122.3127,2024-08-23 10:22:02+00:00
6be48049-71da-41ef-90e0-af87a8e3e4b4,21.4181,0.01101,5.72,1.2536,0.0165,1.6436,0.0593,SBE16Plus_50195,5.5,47.64935,-122.3127,2024-08-23 10:52:02+00:00
55b9fbed-9e0e-4f2a-80f1-f295d04ba7ad,21.4518,0.01088,5.734,1.1458,0.0165,1.6738,0.0587,SBE16Plus_50195,5.5,47.64935,-122.3127,2024-08-23 11:22:02+00:00
6460cb39-8cb1-4f87-a286-7cdcf0615726,21.4643,0.0109,5.73,1.0475,0.0165,1.6897,0.0587,SBE16Plus_50195,5.5,47.64935,-122.3127,2024-08-23 11:52:02+00:00
2022d7d7-ed6a-41b1-a384-1df1cf4f6b73,21.4685,0.01089,5.736,1.0804,0.0164,1.6948,0.0587,SBE16Plus_50195,5.5,47.64935,-122.3127,2024-08-23 12:22:02+00:00
9afbd495-72eb-4353-95be-496de23a53f7,21.4848,0.0109,5.734,1.0762,0.0166,1.7063,0.0587,SBE16Plus_50195,5.5,47.64935,-122.3127,2024-08-23 12:52:02+00:00
161d9c73-d797-4e44-96d9-ad1dfd7bdc0a,21.4396,0.01088,5.706,1.0751,0.0164,1.7024,0.0587,SBE16Plus_50195,5.5,47.64935,-122.3127,2024-08-23 13:22:02+00:00
b1ad1213-b9d5-4058-b042-b1deabb31bf8,21.4445,0.01088,5.701,1.1394,0.0164,1.7148,0.0587,SBE16Plus_50195,5.5,47.64935,-122.3127,2024-08-23 13:52:02+00:00
31a1dd7c-fce5-4de4-a754-9ba1997f71b7,21.4273,0.01089,5.703,1.1777,0.212,1.7077,0.0588,SBE16Plus_50195,5.5,47.64935,-122.3127,2024-08-23 14:22:02+00:00
fd5609ab-8ca2-4fa8-b6cd-9969f49c7c73,21.4072,0.01088,5.681,1.2112,0.44,1.6871,0.0587,SBE16Plus_50195,5.5,47.64935,-122.3127,2024-08-23 14:52:02+00:00
8941a4fc-5030-438f-9785-457101228af6,21.392,0.0109,5.671,1.2394,0.4601,1.6671,0.0588,SBE16Plus_50195,5.5,47.64935,-122.3127,2024-08-23 15:22:02+00:00
18275d70-02f7-4e77-9ee4-915ec87476b8,21.4004,0.01089,5.684,1.2787,0.566,1.6752,0.0588,SBE16Plus_50195,5.5,47.64935,-122.3127,2024-08-23 15:52:02+00:00
eef5440c-5937-4aaf-bcab-2bbcc740180d,21.4175,0.01088,5.699,1.2243,0.3964,1.6938,0.0587,SBE16Plus_50195,5.5,47.64935,-122.3127,2024-08-23 16:22:02+00:00
5a38212f-2c31-4a89-9d55-10150b15a4bd,,,,,,,,,,,,2024-08-23 16:52:02+00:00
fc23fb2f-0ba0-4b26-b0a9-c26c496ac057,21.3969,0.01088,5.686,1.2319,0.6451,1.6846,0.0587,SBE16Plus_50195,5.5,47.64935,-122.3127,2024-08-23 17:22:02+00:00
fcdac41b-a7c7-4b0d-85e9-99062e865a5a,21.3914,0.01087,5.692,1.2007,0.739,1.6803,0.0587,SBE16Plus_50195,5.5,47.64935,-122.3127,2024-08-23 17:52:02+00:00
d2c37a8b-8e78-499f-86c2-f4d7e2401372,21.1471,0.01073,5.681,1.3233,0.9114,1.6759,0.0582,SBE16Plus_50195,5.5,47.64935,-122.3127,2024-08-23 18:22:02+00:00
a18ecac0-8018-4295-9dfc-f298d7cc168f,,,,,,,,,,,,2024-08-23 18:52:02+00:00
ff0eef7c-63db-4928-839a-3272bcd02a97,20.8025,0.01007,5.708,1.2908,1.0109,1.5305,0.0553,SBE16Plus_50195,5.5,47.64935,-122.3127,2024-08-23 19:22:02+00:00
55df2283-b226-4818-96c5-28f449f80f8d,,,,,,,,,,,,2024-08-23 19:52:02+00:00
6bec5ac4-f05d-4a00-a571-02bebac6fe8b,20.89,0.01009,5.703,1.1725,1.1692,1.4746,0.0553,SBE16Plus_50195,5.5,47.64935,-122.3127,2024-08-23 20:22:02+00:00
c5b859a6-2cdc-4820-9ec1-0c56581269ef,20.9225,0.0101,5.76,1.0717,1.1558,1.4985,0.0553,SBE16Plus_50195,5.5,47.64935,-122.3127,2024-08-23 20:52:02+00:00
bb3f6205-1d34-4800-abe5-987ebbdf4b67,20.9081,0.01006,5.734,1.0919,1.2367,1.5109,0.0551,SBE16Plus_50195,5.5,47.64935,-122.3127,2024-08-23 21:22:02+00:00
de85ccb7-e5aa-48a6-b768-b7a197fe6aad,20.9691,0.01014,5.755,1.1134,1.071,1.5294,0.0555,SBE16Plus_50195,5.5,47.64935,-122.3127,2024-08-23 21:52:02+00:00
15be1baa-6d32-41b9-846f-cb4d0b8b737e,20.8657,0.01,5.712,1.1862,0.9699,1.56,0.0549,SBE16Plus_50195,5.5,47.64935,-122.3127,2024-08-23 22:22:02+00:00
fe223a13-56e3-4e46-b28c-cbb5587a0abd,21.2434,0.0106,5.768,1.1522,1.3235,1.5752,0.0575,SBE16Plus_50195,5.5,47.64935,-122.3127,2024-08-23 22:52:02+00:00
9848100e-f6f2-4a31-b487-c4adde858288,20.8825,0.01004,5.717,1.1735,0.8094,1.6041,0.055,SBE16Plus_50195,5.5,47.64935,-122.3127,2024-08-23 23:22:02+00:00
c6ae1ba8-4186-49cb-ab7e-deea7062a145,20.997,0.01028,5.754,1.1947,0.8904,1.6361,0.0561,SBE16Plus_50195,5.5,47.64935,-122.3127,2024-08-23 23:52:02+00:00
1a5f32e0-6942-4c39-9575-589d66b1f952,21.047,0.01038,5.766,1.1656,0.7667,1.6136,0.0566,SBE16Plus_50195,5.5,47.64935,-122.3127,2024-08-24 00:22:02+00:00
bfe0adf0-efba-482c-bf85-c69102b112eb,21.1623,0.01058,5.755,1.1729,0.7306,1.6199,0.0575,SBE16Plus_50195,5.5,47.64935,-122.3127,2024-08-24 00:52:02+00:00
c3cb0aec-b0d8-408a-80f1-cf29bf93d46b,,,,,,,,,,,,2024-08-24 01:22:02+00:00
9adada93-c1cb-4678-9d22-1c781c926a9b,21.0535,0.01054,5.701,1.2616,0.7004,1.6797,0.0574,SBE16Plus_50195,5.5,47.64935,-122.3127,2024-08-24 01:52:02+00:00
3be25f9b-c48a-4a78-8227-d50e78c69d2f,21.0296,0.01057,5.729,1.2563,0.5603,1.6869,0.0575,SBE16Plus_50195,5.5,47.64935,-122.3127,2024-08-24 02:22:02+00:00
fd695eef-d6a0-4a60-abc4-e731dfedbaf9,20.9694,0.0106,5.717,1.303,0.0336,1.6654,0.0577,SBE16Plus_50195,5.5,47.64935,-122.3127,2024-08-24 02:52:02+00:00
241b2366-a035-4642-bc44-a5caa78700c0,20.9569,0.01061,5.724,1.3148,0.0158,1.664,0.0578,SBE16Plus_50195,5.5,47.64935,-122.3127,2024-08-24 03:22:02+00:00
ab964ec7-0cae-4110-8678-502616d33536,20.8968,0.01062,5.722,1.2954,0.0164,1.6658,0.0579,SBE16Plus_50195,5.5,47.64935,-122.3127,2024-08-24 03:52:02+00:00
a7942f52-7f0d-4bcd-92e4-47c9a284da66,20.9312,0.01065,5.733,1.284,0.0165,1.677,0.058,SBE16Plus_50195,5.5,47.64935,-122.3127,2024-08-24 04:22:02+00:00
f5dce66f-153c-4d7a-98f3-f5d97073f1b6,20.9994,0.01067,5.753,1.271,0.0165,1.673,0.058,SBE16Plus_50195,5.5,47.64935,-122.3127,2024-08-24 04:52:02+00:00
dd3650e7-8838-482b-accf-2bacec8165c8,21.0457,0.01069,5.762,1.2685,0.0165,1.6883,0.0581,SBE16Plus_50195,5.5,47.64935,-122.3127,2024-08-24 05:22:02+00:00
65058186-b947-4920-907f-29f9d5e52ea2,,,,,,,,,,,,2024-08-24 05:52:02+00:00
3c914f99-f20b-4274-a813-2ea9f8daa071,21.0396,0.01069,5.734,1.2719,0.0165,1.6842,0.0581,SBE16Plus_50195,5.5,47.64935,-122.3127,2024-08-24 06:22:02+00:00
3bf8eea0-8c37-4326-bf6a-7d9d5ff55a92,20.8959,0.01068,5.727,1.3261,0.0165,1.6912,0.0582,SBE16Plus_50195,5.5,47.64935,-122.3127,2024-08-24 06:52:02+00:00
fab07616-b08d-4e18-822a-d67645748b2d,20.8982,0.01067,5.726,1.3203,0.0164,1.6838,0.0582,SBE16Plus_50195,5.5,47.64935,-122.3127,2024-08-24 07:22:02+00:00
d8ea7bad-d602-4015-9d76-4e5223621fc9,20.9715,0.01068,5.757,1.3436,0.0163,1.6973,0.0581,SBE16Plus_50195,5.5,47.64935,-122.3127,2024-08-24 07:52:02+00:00
04506769-92d6-4dc0-a4c3-eb8176a581c7,21.009,0.01068,5.778,1.3181,0.0164,1.7006,0.0581,SBE16Plus_50195,5.5,47.64935,-122.3127,2024-08-24 08:22:02+00:00
4ac405b1-8301-4aa3-b434-0280417df96f,,,,,,,,,,,,2024-08-24 08:52:02+00:00
a6b37013-bfa4-445a-a089-66cfdcc9abae,20.8265,0.01068,5.728,1.2984,0.0164,1.6999,0.0583,SBE16Plus_50195,5.5,47.64935,-122.3127,2024-08-24 09:22:02+00:00
4c41f755-26df-4563-9deb-4248ab4882a5,,,,,,,,,,,,2024-08-24 09:52:02+00:00
a2f1b640-c196-452f-ad18-8516c1a68a00,21.0226,0.01066,5.788,1.3822,0.0164,1.6863,0.058,SBE16Plus_50195,5.5,47.64935,-122.3127,2024-08-24 10:22:02+00:00
ff1c1ce8-3c4c-4981-8afa-3cafcfc0ecd6,,,,,,,,,,,,2024-08-24 10:52:02+00:00
a58cc1cf-bdff-4f34-af33-8781fe78f9fb,20.6982,0.01081,5.742,1.276,0.0165,1.7026,0.059,SBE16Plus_50195,5.5,47.64935,-122.3127,2024-08-24 11:22:02+00:00
8a0e84fa-b661-441f-bc35-d95c03082e0d,20.5601,0.01073,5.729,1.3592,0.0164,1.6885,0.0588,SBE16Plus_50195,5.5,47.64935,-122.3127,2024-08-24 11:52:02+00:00
3b4b9978-587d-4b06-bfdc-c07dc6386df0,20.6084,0.01075,5.763,1.3505,0.0165,1.6777,0.0588,SBE16Plus_50195,5.5,47.64935,-122.3127,2024-08-24 12:22:02+00:00
e19f9b6b-f3d7-4e3f-ae4a-833363361fbc,20.61,0.01065,5.773,1.2978,0.0164,1.6529,0.0583,SBE16Plus_50195,5.5,47.64935,-122.3127,2024-08-24 12:52:02+00:00
61b8b39a-7812-4d7d-adf4-19f3028dcecb,20.4056,0.01029,5.751,1.2977,0.0167,1.6629,0.0567,SBE16Plus_50195,5.5,47.64935,-122.3127,2024-08-24 13:22:02+00:00
9ddcfffc-e5b6-478c-b09b-f41d11c76a0e,20.3154,0.01009,5.768,1.3016,0.2269,1.6406,0.0558,SBE16Plus_50195,5.5,47.64935,-122.3127,2024-08-24 13:52:02+00:00
6bb6d069-4cc2-4215-9978-9bdd7b907c33,20.2146,0.00991,5.757,1.2849,0.6914,1.6438,0.055,SBE16Plus_50195,5.5,47.64935,-122.3127,2024-08-24 14:22:02+00:00
0550699d-3953-4f8f-b4d0-1f0756f48121,20.2904,0.00996,5.797,1.2934,1.0145,1.6445,0.0551,SBE16Plus_50195,5.5,47.64935,-122.3127,2024-08-24 14:52:02+00:00
afe60468-cce8-4214-a1ba-a02c34f876a4,,,,,,,,,,,,2024-08-24 15:22:02+00:00
25b89f79-6dd2-4940-a480-a98564d21b2a,,,,,,,,,,,,2024-08-24 15:52:02+00:00
7e984779-07b7-4622-b6d4-731431c2a4ce,20.6061,0.01036,5.806,1.3236,1.4897,1.6484,0.0569,SBE16Plus_50195,5.5,47.64935,-122.3127,2024-08-24 16:22:02+00:00
2632b8f2-39f0-445b-99f4-12d21b6d7ff7,,,,,,,,,,,,2024-08-24 16:52:02+00:00
670a8d0b-ba72-4463-ba8c-188bc6497b37,20.2911,0.00989,5.773,1.2676,1.1729,1.6905,0.0548,SBE16Plus_50195,5.5,47.64935,-122.3127,2024-08-24 17:22:02+00:00
8f6d1b73-52df-4bb3-a585-b7e73fe3c947,,,,,,,,,,,,2024-08-24 17:52:02+00:00
e11d3c29-a2d6-49c5-aa64-0f2bce44a633,20.7817,0.01058,5.837,1.3405,1.3331,1.6678,0.0578,SBE16Plus_50195,5.5,47.64935,-122.3127,2024-08-24 18:22:02+00:00
31ea3409-77cd-4900-96d6-b96cf331fc33,20.7903,0.01059,5.845,1.3253,1.2629,1.692,0.0578,SBE16Plus_50195,5.5,47.64935,-122.3127,2024-08-24 18:52:02+00:00
4e746fb5-4462-436d-805f-bd90f3a3f7a5,20.6835,0.01052,5.798,1.2976,1.2729,1.7045,0.0576,SBE16Plus_50195,5.5,47.64935,-122.3127,2024-08-24 19:22:02+00:00
651008d8-cfbf-49c4-b235-8e0c171f3333,20.7726,0.0106,5.854,1.355,1.4284,1.7182,0.0579,SBE16Plus_50195,5.5,47.64935,-122.3127,2024-08-24 19:52:02+00:00
614b3575-4553-4c21-a958-3e9e58c8d75c,20.6317,0.01048,5.789,1.3358,1.2508,1.7254,0.0574,SBE16Plus_50195,5.5,47.64935,-122.3127,2024-08-24 20:22:02+00:00
7c8a22db-4a53-46da-81da-df26bb5e618a,20.7419,0.01059,5.864,1.3078,1.261,1.7053,0.0579,SBE16Plus_50195,5.5,47.64935,-122.3127,2024-08-24 20:52:02+00:00
d90ee0fb-07b7-4988-869e-0d638a5b1b3c,20.6587,0.01052,5.833,1.3495,1.2548,1.7104,0.0576,SBE16Plus_50195,5.5,47.64935,-122.3127,2024-08-24 21:22:02+00:00
02c8916e-37eb-410a-b2d5-b86718b381df,20.5931,0.0105,5.819,1.3226,1.4947,1.7093,0.0576,SBE16Plus_50195,5.5,47.64935,-122.3127,2024-08-24 21:52:02+00:00
ca05fd15-4f1d-4a5d-81ea-c6cf11143c10,20.5944,0.01052,5.82,1.329,1.3187,1.7224,0.0577,SBE16Plus_50195,5.5,47.64935,-122.3127,2024-08-24 22:22:02+00:00
8a59a902-7b51-4289-96c9-76452eecd5a0,20.6338,0.01055,5.847,1.3268,1.7057,1.7167,0.0578,SBE16Plus_50195,5.5,47.64935,-122.3127,2024-08-24 22:52:02+00:00
8c1685d3-5834-4b93-a29d-9170120eb601,20.7224,0.01059,5.873,1.2973,1.5493,1.7026,0.0579,SBE16Plus_50195,5.5,47.64935,-122.3127,2024-08-24 23:22:02+00:00
98a2345c-499f-4fac-8137-a1df50ce46bd,20.7564,0.01061,5.891,1.358,1.5238,1.7043,0.058,SBE16Plus_50195,5.5,47.64935,-122.3127,2024-08-24 23:52:02+00:00
bd80e907-05cd-4d88-a9d8-b343da828593,20.6183,0.01058,5.837,1.3578,1.7018,1.7118,0.0579,SBE16Plus_50195,5.5,47.64935,-122.3127,2024-08-25 00:22:02+00:00
7ee81d3c-a6c6-4a95-9dc9-601568030e35,,,,,,,,,,,,2024-08-25 00:52:02+00:00
5f3a745d-0590-43a8-82f5-65fcc0006d36,20.6828,0.01058,5.869,1.3517,1.3761,1.7,0.0579,SBE16Plus_50195,5.5,47.64935,-122.3127,2024-08-25 01:22:02+00:00
6f47c978-8dff-404f-a1e9-a8918582394e,20.7116,0.01059,5.888,1.3396,0.6646,1.6993,0.0579,SBE16Plus_50195,5.5,47.64935,-122.3127,2024-08-25 01:52:02+00:00
e9cbf444-5735-4d5c-a5f0-7d4f1d07e6e8,20.6547,0.01061,5.861,1.3274,0.4442,1.6858,0.0581,SBE16Plus_50195,5.5,47.64935,-122.3127,2024-08-25 02:22:02+00:00
35aacc18-e5e3-4258-aed3-73f7661bc44e,20.5913,0.01061,5.849,1.301,0.0165,1.6728,0.0581,SBE16Plus_50195,5.5,47.64935,-122.3127,2024-08-25 02:52:02+00:00
78e3de68-bd2e-4c5d-93b9-913cff89cb16,20.5609,0.0106,5.842,1.3488,0.0153,1.6965,0.0581,SBE16Plus_50195,5.5,47.64935,-122.3127,2024-08-25 03:22:02+00:00
0ca3b759-3ccd-4032-a7be-765d9c745878,20.573,0.0106,5.874,1.3712,0.0164,1.6804,0.0581,SBE16Plus_50195,5.5,47.64935,-122.3127,2024-08-25 03:52:02+00:00
ef19c977-4ee8-4cfa-90eb-91bfb6e864a1,20.5379,0.01062,5.867,1.3332,0.0167,1.6762,0.0582,SBE16Plus_50195,5.5,47.64935,-122.3127,2024-08-25 04:22:02+00:00
f66da303-cd3e-4b16-b22e-39aef2bd8aa5,20.4521,0.01068,5.858,1.3334,0.0164,1.6899,0.0586,SBE16Plus_50195,5.5,47.64935,-122.3127,2024-08-25 04:52:02+00:00
e6ca1bb2-96a0-43bc-aebb-2e35dd4e68f2,20.4484,0.01062,5.86,1.3364,0.0163,1.6737,0.0583,SBE16Plus_50195,5.5,47.64935,-122.3127,2024-08-25 05:22:02+00:00
08c06a05-9f6e-4173-ab62-bd0e756bbd85,20.4272,0.01061,5.854,1.3249,0.0165,1.6628,0.0583,SBE16Plus_50195,5.5,47.64935,-122.3127,2024-08-25 05:52:02+00:00
ec6486de-3d88-473d-9d30-5643f801aea3,20.3988,0.01059,5.865,1.3092,0.0163,1.6648,0.0582,SBE16Plus_50195,5.5,47.64935,-122.3127,2024-08-25 06:22:02+00:00
0d66a93d-aba4-44ba-9c2a-4e5192b966c2,20.377,0.0106,5.863,1.2504,0.0166,1.6642,0.0583,SBE16Plus_50195,5.5,47.64935,-122.3127,2024-08-25 06:52:02+00:00
885c3ef2-13b6-4820-a7e6-036ef4feeb56,20.3811,0.01057,5.864,1.2422,0.0166,1.6784,0.0581,SBE16Plus_50195,5.5,47.64935,-122.3127,2024-08-25 07:22:02+00:00
6805b10e-521f-4b23-921e-8ac554bf1322,20.3786,0.01057,5.861,1.245,0.0164,1.674,0.0582,SBE16Plus_50195,5.5,47.64935,-122.3127,2024-08-25 07:52:02+00:00
0e50619a-e5e7-4a7d-b836-4502860daa09,20.3639,0.01058,5.863,1.2083,0.0165,1.6762,0.0582,SBE16Plus_50195,5.5,47.64935,-122.3127,2024-08-25 08:22:02+00:00
5f83a61b-90ff-4c87-ab0c-29f5cbf5d001,20.3513,0.01057,5.867,1.1811,0.0165,1.6842,0.0582,SBE16Plus_50195,5.5,47.64935,-122.3127,2024-08-25 08:52:02+00:00
6c1174b8-d534-40fc-b2b5-77d30fe23ac1,20.3242,0.01058,5.869,1.188,0.0166,1.6548,0.0583,SBE16Plus_50195,5.5,47.64935,-122.3127,2024-08-25 09:22:02+00:00
6e01ff98-a034-4423-b557-d9f0388d2c5b,20.3089,0.01059,5.867,1.2353,0.0165,1.669,0.0583,SBE16Plus_50195,5.5,47.64935,-122.3127,2024-08-25 09:52:02+00:00
7f052694-6ede-4411-a1ea-5c3e1844dd03,,,,,,,,,,,,2024-08-25 10:22:02+00:00
9e0834b6-b340-4cad-9269-cf886eb8367c,20.3358,0.01057,5.893,1.1523,0.0167,1.6589,0.0582,SBE16Plus_50195,5.5,47.64935,-122.3127,2024-08-25 10:52:02+00:00
86662325-d82c-43cf-acf7-b765453bcf88,20.3182,0.01068,5.888,1.1427,0.0164,1.6532,0.0588,SBE16Plus_50195,5.5,47.64935,-122.3127,2024-08-25 11:22:02+00:00
0162cbf3-ab16-4e04-bc8a-e09fee149039,,,,,,,,,,,,2024-08-25 11:52:02+00:00
bf56f3f8-f97f-4148-addf-6d5326654e9c,20.3131,0.01058,5.877,1.1379,0.0164,1.6536,0.0582,SBE16Plus_50195,5.5,47.64935,-122.3127,2024-08-25 12:22:02+00:00
667c551e-6115-419a-b7af-29d10f340992,20.2929,0.01068,5.885,1.1527,0.0161,1.6604,0.0588,SBE16Plus_50195,5.5,47.64935,-122.3127,2024-08-25 12:52:02+00:00
80d06c89-714d-4d05-a79b-ed50323d7971,,,,,,,,,,,,2024-08-25 13:22:02+00:00
c440dd80-15bf-4ac0-b69e-cf4298f67388,20.262,0.01067,5.895,1.1541,0.6692,1.6565,0.0588,SBE16Plus_50195,5.5,47.64935,-122.3127,2024-08-25 13:52:02+00:00
805928b1-a6ce-4759-82ef-e39d0e3f46a0,,,,,,,,,,,,2024-08-25 14:22:02+00:00
6f093a0d-ee56-46f8-b73a-9d9bf45e1091,20.2755,0.01067,5.901,1.2169,1.3264,1.6281,0.0587,SBE16Plus_50195,5.5,47.64935,-122.3127,2024-08-25 14:52:02+00:00
068acdd4-e32f-444c-a970-cdf0de5e8807,20.2732,0.01065,5.9,1.2648,1.3124,1.6576,0.0586,SBE16Plus_50195,5.5,47.64935,-122.3127,2024-08-25 15:22:02+00:00
3763fcb4-dd44-45d1-8e14-cb0a6c9dbd4e,20.2657,0.0106,5.903,1.163,1.144,1.637,0.0584,SBE16Plus_50195,5.5,47.64935,-122.3127,2024-08-25 15:52:02+00:00
e999b560-c0fb-4fd6-860b-4f8260ca94f8,20.2648,0.01062,5.904,1.2501,1.5586,1.6604,0.0585,SBE16Plus_50195,5.5,47.64935,-122.3127,2024-08-25 16:22:02+00:00
a44e4920-a839-4e32-9a4c-c9394500afa2,20.2533,0.0106,5.898,1.2123,1.9821,1.6533,0.0584,SBE16Plus_50195,5.5,47.64935,-122.3127,2024-08-25 16:52:02+00:00
db70dee0-c84d-4dc1-8cc9-00679155f053,20.2579,0.01061,5.898,1.2152,1.6609,1.646,0.0584,SBE16Plus_50195,5.5,47.64935,-122.3127,2024-08-25 17:22:02+00:00
751fcfa5-fc0f-4af8-a8eb-38fb266febf0,20.2686,0.01066,5.921,1.1909,1.6843,1.6477,0.0587,SBE16Plus_50195,5.5,47.64935,-122.3127,2024-08-25 17:52:02+00:00
e1afbdb9-6233-4984-9e4f-cabef2db323a,20.2764,0.01065,5.925,1.1609,2.2133,1.6473,0.0587,SBE16Plus_50195,5.5,47.64935,-122.3127,2024-08-25 18:22:02+00:00
e33e4f64-5e83-4c75-bca2-57389765bdde,20.2247,0.01072,5.883,1.1752,2.0089,1.6317,0.059,SBE16Plus_50195,5.5,47.64935,-122.3127,2024-08-25 18:52:02+00:00
862036ca-b872-40fb-93fe-09218054fdc4,20.1865,0.01076,5.898,1.2425,2.1969,1.6477,0.0593,SBE16Plus_50195,5.5,47.64935,-122.3127,2024-08-25 19:22:02+00:00
e0182bca-d304-4b37-ac25-7e84b46b1ee0,20.1909,0.01076,5.891,1.2075,2.2901,1.6425,0.0593,SBE16Plus_50195,5.5,47.64935,-122.3127,2024-08-25 19:52:02+00:00
91c96468-4f5f-43d5-88a7-4b8f16b5bee5,20.1766,0.01076,5.897,1.2934,2.3302,1.6474,0.0593,SBE16Plus_50195,5.5,47.64935,-122.3127,2024-08-25 20:22:02+00:00
eb6d38a6-b8a1-4ae9-963d-1e385647c016,20.2121,0.01074,5.901,1.3085,2.3448,1.6441,0.0592,SBE16Plus_50195,5.5,47.64935,-122.3127,2024-08-25 20:52:02+00:00
44cada2b-24ac-4ff2-a621-0d2af5e19e05,20.2311,0.01077,5.913,1.2853,2.3452,1.6415,0.0593,SBE16Plus_50195,5.5,47.64935,-122.3127,2024-08-25 21:22:02+00:00
fd056c18-0639-4e4e-9287-5fd35683503c,20.3186,0.01072,5.945,1.2494,2.3085,1.6518,0.059,SBE16Plus_50195,5.5,47.64935,-122.3127,2024-08-25 21:52:02+00:00
644fafb3-927d-4da7-8d42-baade0b1c92e,20.2843,0.01074,5.92,1.3446,2.2466,1.6568,0.0591,SBE16Plus_50195,5.5,47.64935,-122.3127,2024-08-25 22:22:02+00:00
32411ef2-6b36-4ec8-bdc2-94426d240cb2,20.329,0.01072,5.93,1.2694,2.1748,1.6658,0.0589,SBE16Plus_50195,5.5,47.64935,-122.3127,2024-08-25 22:52:02+00:00
c869e5bf-3ea5-4d86-89d1-16b4b195ce2b,20.3224,0.01073,5.899,1.2622,2.0845,1.6802,0.059,SBE16Plus_50195,5.5,47.64935,-122.3127,2024-08-25 23:22:02+00:00
803752ae-94f7-4fca-8283-09d952ed8a17,20.3623,0.0107,5.908,1.1872,1.9775,1.6739,0.0588,SBE16Plus_50195,5.5,47.64935,-122.3127,2024-08-25 23:52:02+00:00
9eeccf48-b0d1-4d7d-b642-effee4d5fb7f,20.3127,0.01073,5.903,1.2702,1.8205,1.685,0.059,SBE16Plus_50195,5.5,47.64935,-122.3127,2024-08-26 00:22:02+00:00
f0c1b3ca-f683-4a2d-8336-7a9b90160793,20.3097,0.01074,5.897,1.2633,1.6339,1.6723,0.059,SBE16Plus_50195,5.5,47.64935,-122.3127,2024-08-26 00:52:02+00:00
aa9d5355-c7ff-477e-aa7b-7b97e8262609,20.3742,0.01075,5.906,1.2606,1.7473,1.6682,0.059,SBE16Plus_50195,5.5,47.64935,-122.3127,2024-08-26 01:22:02+00:00
d4ca8d3b-19aa-43a4-8aa4-e0cccf160df4,20.5272,0.01065,5.921,1.1966,1.4926,1.6804,0.0584,SBE16Plus_50195,5.5,47.64935,-122.3127,2024-08-26 01:52:02+00:00
183836be-7828-418d-9142-96295d62ad8f,20.3439,0.0107,5.875,1.301,1.1187,1.6395,0.0588,SBE16Plus_50195,5.5,47.64935,-122.3127,2024-08-26 02:22:02+00:00
d3d85124-90b5-441c-8250-fe83b7050308,20.2729,0.01066,5.887,1.2734,0.5387,1.6657,0.0587,SBE16Plus_50195,5.5,47.64935,-122.3127,2024-08-26 02:52:02+00:00
aea8b9c4-234f-4c80-a497-42258720fb28,20.4121,0.01072,5.92,1.2809,0.0164,1.6741,0.0588,SBE16Plus_50195,5.5,47.64935,-122.3127,2024-08-26 03:22:02+00:00
98d5a7ee-f835-49aa-8e99-73ebffade82b,20.4681,0.01074,5.895,1.3208,0.0165,1.6646,0.0589,SBE16Plus_50195,5.5,47.64935,-122.3127,2024-08-26 03:52:02+00:00
f0227823-e774-4bf4-b6fd-c5f29d3301de,20.5599,0.0107,5.932,1.2772,0.0165,1.6592,0.0586,SBE16Plus_50195,5.5,47.64935,-122.3127,2024-08-26 04:22:02+00:00
abbbc564-046d-4673-b877-09939bf04016,20.5037,0.01068,5.914,1.3034,0.0164,1.6519,0.0585,SBE16Plus_50195,5.5,47.64935,-122.3127,2024-08-26 04:52:02+00:00
cb3a86a6-9979-48bf-93d4-8d15043d5098,20.4384,0.01069,5.917,1.2851,0.0166,1.644,0.0587,SBE16Plus_50195,5.5,47.64935,-122.3127,2024-08-26 05:22:02+00:00
32d9a794-625a-4b4c-aaa0-3e5d582ca1ca,20.5951,0.01068,5.913,1.3077,0.0166,1.6139,0.0585,SBE16Plus_50195,5.5,47.64935,-122.3127,2024-08-26 05:52:02+00:00
2bb8cf34-7b26-4c93-ad37-81ee1ea6ea57,,,,,,,,,,,,2024-08-26 06:22:02+00:00
bcd22f08-e129-48d7-bdd1-977a73c9137a,20.3391,0.01069,5.876,1.2926,0.0164,1.6025,0.0588,SBE16Plus_50195,5.5,47.64935,-122.3127,2024-08-26 06:52:02+00:00
feaaee77-a6e5-449f-aa6e-c27d7865a390,20.3697,0.01069,5.896,1.3403,0.0165,1.5899,0.0587,SBE16Plus_50195,5.5,47.64935,-122.3127,2024-08-26 07:22:02+00:00
55e15a4b-38b9-42cc-ac5c-086aafe6067b,20.3971,0.01069,5.893,1.3344,0.0166,1.6078,0.0587,SBE16Plus_50195,5.5,47.64935,-122.3127,2024-08-26 07:52:02+00:00
ac4e1862-fb72-4502-a165-eec660b88e2c,,,,,,,,,,,,2024-08-26 08:22:02+00:00
b3daddad-0ca4-4127-8d6f-b7cda1f6f708,20.456,0.01074,5.923,1.3316,0.0164,1.5303,0.0589,SBE16Plus_50195,5.5,47.64935,-122.3127,2024-08-26 08:52:02+00:00
042ec7a2-46fc-4b56-a8a4-b27eff672e08,20.4241,0.01072,5.88,1.2879,0.0164,1.4803,0.0588,SBE16Plus_50195,5.5,47.64935,-122.3127,2024-08-26 09:22:02+00:00
9b6b1675-b155-4b08-a0b8-1deae0a81d39,20.4769,0.01071,5.915,1.3326,0.0163,1.5542,0.0588,SBE16Plus_50195,5.5,47.64935,-122.3127,2024-08-26 09:52:02+00:00
b3cac076-05f7-47be-aa6f-6ef599581b01,20.5481,0.01072,5.91,1.3143,0.0168,1.5732,0.0587,SBE16Plus_50195,5.5,47.64935,-122.3127,2024-08-26 10:22:02+00:00
2f95051d-e56a-41ec-a2ad-2a1f121a00e6,20.5866,0.01072,5.916,1.2258,0.0163,1.583,0.0587,SBE16Plus_50195,5.5,47.64935,-122.3127,2024-08-26 10:52:02+00:00
6ddc5a81-d421-4429-915e-0a40d0a162ee,20.5686,0.01074,5.904,1.2235,0.0165,1.5788,0.0588,SBE16Plus_50195,5.5,47.64935,-122.3127,2024-08-26 11:22:02+00:00
5ce8d088-e9f1-455d-9d4a-c6acb3218c58,20.5636,0.0107,5.9,1.2423,0.0162,1.6145,0.0586,SBE16Plus_50195,5.5,47.64935,-122.3127,2024-08-26 11:52:02+00:00
265b65e1-3c83-4221-8454-b3f47af0ba50,,,,,,,,,,,,2024-08-26 12:22:02+00:00
53e00e73-4a08-4fb8-b810-9648d68ad947,20.4625,0.0108,5.867,1.2317,0.0165,1.6425,0.0592,SBE16Plus_50195,5.5,47.64935,-122.3127,2024-08-26 12:52:02+00:00
834f995f-57fa-4a3b-aba7-8b191d07058a,20.459,0.01078,5.871,1.224,0.2975,1.647,0.0591,SBE16Plus_50195,5.5,47.64935,-122.3127,2024-08-26 13:22:02+00:00
36bc0ecb-5557-4c41-951b-cd916c3a7305,20.4333,0.01082,5.869,1.265,0.9021,1.6395,0.0593,SBE16Plus_50195,5.5,47.64935,-122.3127,2024-08-26 13:52:02+00:00
728bd558-9848-4131-b9fd-bcb48cd4b16f,20.433,0.01078,5.88,1.1674,1.0693,1.6445,0.0591,SBE16Plus_50195,5.5,47.64935,-122.3127,2024-08-26 14:22:02+00:00
f0e9dd05-0630-41d6-aeb2-8a312ad970d4,,,,,,,,,,,,2024-08-26 14:52:02+00:00
8c14a958-b804-4cc2-9798-8558c1ee84cc,20.3433,0.01081,5.864,1.1607,1.6365,1.6413,0.0594,SBE16Plus_50195,5.5,47.64935,-122.3127,2024-08-26 15:22:02+00:00
c60ad33d-5523-4046-b0f7-77aca0f32cbe,20.3488,0.0109,5.873,1.1607,1.8076,1.6584,0.0598,SBE16Plus_50195,5.5,47.64935,-122.3127,2024-08-26 15:52:02+00:00
7df1c033-8abb-427f-a8dc-d83e606a8990,20.3606,0.01093,5.885,1.1499,2.0645,1.6327,0.06,SBE16Plus_50195,5.5,47.64935,-122.3127,2024-08-26 16:22:02+00:00
e766a80e-ad1e-4dab-84e1-6dd6b9c9b070,20.4117,0.01076,5.908,1.1258,2.1331,1.654,0.0591,SBE16Plus_50195,5.5,47.64935,-122.3127,2024-08-26 16:52:02+00:00
930b9fbc-b5b0-4e58-b75b-5315c7b30283,20.3895,0.01089,5.894,1.1412,2.1955,1.6599,0.0597,SBE16Plus_50195,5.5,47.64935,-122.3127,2024-08-26 17:22:02+00:00
34aa57a8-1d78-4ded-9651-3e4ebe0b6762,,,,,,,,,,,,2024-08-26 17:52:02+00:00
4501b03f-1427-43e5-83b6-d0667b474431,,,,,,,,,,,,2024-08-26 18:22:02+00:00
b5572a87-7dc3-4e0e-90d7-c132c31c5895,20.4727,0.01086,5.913,1.0941,2.1763,1.6604,0.0595,SBE16Plus_50195,5.5,47.64935,-122.3127,2024-08-26 18:52:02+00:00
55c90450-667c-4df4-a634-0e63ea380095,20.4697,0.01077,5.911,1.1648,1.9169,1.6582,0.059,SBE16Plus_50195,5.5,47.64935,-122.3127,2024-08-26 19:22:02+00:00
8d723ba1-968f-46c6-8802-66e2af01be47,20.4644,0.01088,5.887,1.1213,1.611,1.6705,0.0596,SBE16Plus_50195,5.5,47.64935,-122.3127,2024-08-26 19:52:02+00:00
fdf73cb6-d21e-4381-9546-c0f5b6c8c39b,,,,,,,,,,,,2024-08-26 20:22:02+00:00
0fab3847-5176-40f9-90b7-4f15e5736356,,,,,,,,,,,,2024-08-26 20:52:02+00:00
9975b822-5ecb-4a3b-96ab-f95c20f151f6,20.5584,0.01073,5.9,1.1922,1.8361,1.6765,0.0588,SBE16Plus_50195,5.5,47.64935,-122.3127,2024-08-26 21:22:02+00:00
fad628ea-3629-49ae-a330-2a10f19d8b73,20.5257,0.01074,5.858,1.2398,1.3079,1.67,0.0588,SBE16Plus_50195,5.5,47.64935,-122.3127,2024-08-26 21:52:02+00:00
7bb553c5-90e3-4719-8433-2f7c289ed66e,20.5157,0.01073,5.853,1.3063,2.0382,1.6728,0.0588,SBE16Plus_50195,5.5,47.64935,-122.3127,2024-08-26 22:22:02+00:00
2b27e52a-81e8-458b-85a3-efe3b6cbc741,20.5365,0.01078,5.873,1.3414,1.6385,1.6751,0.059,SBE16Plus_50195,5.5,47.64935,-122.3127,2024-08-26 22:52:02+00:00
88e06ec5-811b-45a5-8a20-ce07cf32e529,20.5779,0.01083,5.882,1.265,2.0625,1.6709,0.0592,SBE16Plus_50195,5.5,47.64935,-122.3127,2024-08-26 23:22:02+00:00
30831b64-4a8a-4da5-9ae8-647af112c9ac,20.5518,0.01077,5.886,1.2864,1.7198,1.6806,0.059,SBE16Plus_50195,5.5,47.64935,-122.3127,2024-08-26 23:52:02+00:00
0bcffa5d-751f-4bde-bed4-4ed9e69d45a3,20.5339,0.01076,5.86,1.2676,1.6448,1.6864,0.0589,SBE16Plus_50195,5.5,47.64935,-122.3127,2024-08-27 00:22:02+00:00
1268b2fa-509c-4c01-aaf1-9288295642f2,20.5635,0.01071,5.877,1.2558,1.6005,1.6767,0.0586,SBE16Plus_50195,5.5,47.64935,-122.3127,2024-08-27 00:52:02+00:00
90f0d6d7-2d0a-47e9-ad7c-7191b34a3b55,20.6298,0.01076,5.877,1.2673,1.6592,1.6754,0.0589,SBE16Plus_50195,5.5,47.64935,-122.3127,2024-08-27 01:22:02+00:00
71e2857c-fb5b-411d-bb3e-ecc8d3d543f7,20.6319,0.01075,5.867,1.3253,1.4246,1.6798,0.0588,SBE16Plus_50195,5.5,47.64935,-122.3127,2024-08-27 01:52:02+00:00
87f7f8a9-63d0-4ffe-9538-83220d5f6622,20.5726,0.01069,5.832,1.3964,0.7974,1.667,0.0585,SBE16Plus_50195,5.5,47.64935,-122.3127,2024-08-27 02:22:02+00:00
d295efbe-0f45-44a7-a66b-ab8e4e37643e,20.5922,0.01071,5.849,1.367,0.1138,1.66,0.0586,SBE16Plus_50195,5.5,47.64935,-122.3127,2024-08-27 02:52:02+00:00
e92a73b1-ac31-48d9-ae34-6d88745624ac,20.6565,0.01076,5.868,1.3677,0.0152,1.6558,0.0588,SBE16Plus_50195,5.5,47.64935,-122.3127,2024-08-27 03:22:02+00:00
266afd05-95ed-44b7-84c8-ce819b98440e,20.6917,0.01077,5.881,1.3642,0.0165,1.6693,0.0588,SBE16Plus_50195,5.5,47.64935,-122.3127,2024-08-27 03:52:02+00:00
72e7a6d2-bdca-4ba4-9ab4-4d1180bc144c,20.6393,0.01074,5.885,1.3588,0.0165,1.6748,0.0587,SBE16Plus_50195,5.5,47.64935,-122.3127,2024-08-27 04:22:02+00:00
43e25914-5268-4ac9-8d1c-16bd2cccf684,20.6125,0.01072,5.843,1.3216,0.0163,1.6794,0.0587,SBE16Plus_50195,5.5,47.64935,-122.3127,2024-08-27 04:52:02+00:00
63d501f8-f5ff-46ad-a815-d5fe7ce28c41,20.6797,0.01094,5.869,1.2864,0.0165,1.6699,0.0597,SBE16Plus_50195,5.5,47.64935,-122.3127,2024-08-27 05:22:02+00:00
7e11ba07-1676-41f3-a22a-6b4a925931f7,20.726,0.01083,5.884,1.2678,0.0164,1.6758,0.0591,SBE16Plus_50195,5.5,47.64935,-122.3127,2024-08-27 05:52:02+00:00
359b42fb-9ebb-4b59-8de9-ff0f06f73d7c,20.6744,0.01077,5.867,1.2889,0.0164,1.676,0.0588,SBE16Plus_50195,5.5,47.64935,-122.3127,2024-08-27 06:22:02+00:00
9328ef03-5ce4-4114-824f-8157fe119f23,20.6429,0.01074,5.851,1.3329,0.0165,1.6537,0.0587,SBE16Plus_50195,5.5,47.64935,-122.3127,2024-08-27 06:52:02+00:00
7bdbcf36-117c-4728-97f8-5a4bf272af82,20.6093,0.01072,5.835,1.3098,0.0164,1.6469,0.0586,SBE16Plus_50195,5.5,47.64935,-122.3127,2024-08-27 07:22:02+00:00
08b0e8ed-42b2-4771-a24e-a1df126c57f9,,,,,,,,,,,,2024-08-27 07:52:02+00:00
1c5415c2-ea32-4b61-8a41-9a8d0f5b8d58,,,,,,,,,,,,2024-08-27 08:22:02+00:00
812c7ff2-747d-4f5c-8a97-2182241fd36e,20.2632,0.01046,5.895,1.2904,0.0163,1.5944,0.0577,SBE16Plus_50195,5.5,47.64935,-122.3127,2024-08-27 08:52:02+00:00
fd0f6d67-bf2f-4af9-a736-b232095abee3,20.3156,0.0104,5.897,1.2147,0.0165,1.5921,0.0573,SBE16Plus_50195,5.5,47.64935,-122.3127,2024-08-27 09:22:02+00:00
b90c21c8-5d7e-4cef-bb58-e9035020be3f,20.3325,0.01038,5.895,1.1778,0.0164,1.6021,0.0572,SBE16Plus_50195,5.5,47.64935,-122.3127,2024-08-27 09:52:02+00:00
bc03d3ac-88a0-4c90-93c6-0add0ee61633,20.3133,0.01031,5.883,1.0999,0.0163,1.6299,0.0569,SBE16Plus_50195,5.5,47.64935,-122.3127,2024-08-27 10:22:02+00:00
cc079ff8-7a78-4350-b843-57e297a51be7,20.4,0.01043,5.915,0.9915,0.0164,1.6347,0.0574,SBE16Plus_50195,5.5,47.64935,-122.3127,2024-08-27 10:52:02+00:00
adc3df2d-6d80-40ac-b8b0-330d8038f7e2,20.386,0.01032,5.891,0.9357,0.0164,1.6324,0.0569,SBE16Plus_50195,5.5,47.64935,-122.3127,2024-08-27 11:22:02+00:00
5bacccf5-de9f-476e-8380-e39f3124ef83,20.3969,0.01037,5.891,0.9065,0.0165,1.6427,0.0571,SBE16Plus_50195,5.5,47.64935,-122.3127,2024-08-27 11:52:02+00:00
ddec5bae-f3af-4e88-9352-ec1e451ed87c,20.3802,0.01044,5.885,0.9407,0.0164,1.628,0.0575,SBE16Plus_50195,5.5,47.64935,-122.3127,2024-08-27 12:22:02+00:00
bfd8766a-f3eb-4926-b6d7-261f9c1bfa2d,20.3907,0.01048,5.887,0.9728,0.0165,1.6299,0.0577,SBE16Plus_50195,5.5,47.64935,-122.3127,2024-08-27 12:52:02+00:00
a42bcbd9-ae34-48f1-9eab-f92964fb3297,20.3535,0.01051,5.869,0.9862,0.0165,1.6531,0.0579,SBE16Plus_50195,5.5,47.64935,-122.3127,2024-08-27 13:22:02+00:00
dce10908-b097-4bd2-9789-69a903ab9a09,20.2682,0.01047,5.861,1.0393,0.4623,1.6503,0.0577,SBE16Plus_50195,5.5,47.64935,-122.3127,2024-08-27 13:52:02+00:00
592b6dc7-9250-445b-aa9a-da5feca0eb39,20.2527,0.01047,5.892,1.1449,0.7304,1.6629,0.0577,SBE16Plus_50195,5.5,47.64935,-122.3127,2024-08-27 14:22:02+00:00
9545247e-da5e-4461-b571-b22193d9c831,20.2755,0.0105,5.9,1.082,1.2734,1.6459,0.0579,SBE16Plus_50195,5.5,47.64935,-122.3127,2024-08-27 14:52:02+00:00
c871c10e-6f2f-4058-bbbd-0332a7f30218,20.3209,0.01054,5.924,1.1212,1.5719,1.6664,0.058,SBE16Plus_50195,5.5,47.64935,-122.3127,2024-08-27 15:22:02+00:00
52df714b-c8e4-490f-b85c-c3d742d7f8a8,20.3381,0.01055,5.918,1.1293,1.5564,1.6609,0.0581,SBE16Plus_50195,5.5,47.64935,-122.3127,2024-08-27 15:52:02+00:00
d121d885-14fe-486d-bddf-8a931851984c,20.3382,0.01054,5.918,1.1901,1.5738,1.6589,0.058,SBE16Plus_50195,5.5,47.64935,-122.3127,2024-08-27 16:22:02+00:00
c2c0cb0c-96b2-491e-9f9e-98db2d3ad320,20.3983,0.01059,5.933,1.1156,2.1702,1.6664,0.0582,SBE16Plus_50195,5.5,47.64935,-122.3127,2024-08-27 16:52:02+00:00
aae102e6-dfc5-4061-b951-603512136296,20.4759,0.01064,5.941,1.0773,2.2013,1.6615,0.0584,SBE16Plus_50195,5.5,47.64935,-122.3127,2024-08-27 17:22:02+00:00
176f6f85-5fb8-45f1-af9d-51a5a2ad52ba,20.4892,0.01066,5.935,1.1616,2.4074,1.6711,0.0585,SBE16Plus_50195,5.5,47.64935,-122.3127,2024-08-27 17:52:02+00:00
62b3851b-9a9f-4761-982d-ea11632446d4,20.4292,0.01061,5.914,1.2745,2.3544,1.6664,0.0583,SBE16Plus_50195,5.5,47.64935,-122.3127,2024-08-27 18:22:02+00:00
5a9d906d-e9bd-4c19-b7ca-741ba39e6b45,20.436,0.0106,5.908,1.3869,2.4417,1.6817,0.0582,SBE16Plus_50195,5.5,47.64935,-122.3127,2024-08-27 18:52:02+00:00
8831c418-73ce-4c2f-a15d-8f0357eb2d7c,20.4659,0.01063,5.931,1.34,1.8508,1.682,0.0583,SBE16Plus_50195,5.5,47.64935,-122.3127,2024-08-27 19:22:02+00:00
9a274580-9f2f-4bf3-ada8-0ad1c67afae7,20.4572,0.01063,5.923,1.4302,2.4221,1.676,0.0583,SBE16Plus_50195,5.5,47.64935,-122.3127,2024-08-27 19:52:02+00:00
71d8db64-3f5c-4e73-8eec-acd444214039,20.4684,0.01064,5.928,1.4165,1.7082,1.6786,0.0584,SBE16Plus_50195,5.5,47.64935,-122.3127,2024-08-27 20:22:02+00:00
ebfda2da-0c2b-49a4-9d87-4da0f1ad3aab,20.4829,0.01063,5.925,1.3585,1.9705,1.6892,0.0583,SBE16Plus_50195,5.5,47.64935,-122.3127,2024-08-27 20:52:02+00:00
571966d4-10df-4dd7-bc39-7f9df99f0989,20.482,0.01063,5.923,1.3426,1.5766,1.6699,0.0583,SBE16Plus_50195,5.5,47.64935,-122.3127,2024-08-27 21:22:02+00:00
ba6800c5-bf8a-4fb0-a147-5355af329e4b,,,,,,,,,,,,2024-08-27 21:52:02+00:00
144eff29-2054-456d-9954-ecabbc1400de,20.5331,0.01064,5.925,1.2853,2.3378,1.6536,0.0583,SBE16Plus_50195,5.5,47.64935,-122.3127,2024-08-27 22:22:02+00:00
0d60e422-e551-4a8a-8836-236e31a7b3c9,20.5184,0.01064,5.915,1.2366,2.2781,1.634,0.0584,SBE16Plus_50195,5.5,47.64935,-122.3127,2024-08-27 22:52:02+00:00
99ea6dd5-bc1e-4178-9280-8d865ae5f474,20.5436,0.01066,5.927,1.2861,1.6892,1.6339,0.0584,SBE16Plus_50195,5.5,47.64935,-122.3127,2024-08-27 23:22:02+00:00
8494410b-225d-46a1-a3ea-844bc074470e,,,,,,,,,,,,2024-08-27 23:52:02+00:00
